{
  "ask_general_question": {
    "precision": 0.9772727272727273,
    "recall": 0.9772727272727273,
    "f1-score": 0.9772727272727273,
    "support": 44,
    "confused_with": {
      "request_dass": 1
    }
  },
  "deny": {
    "precision": 0.8333333333333334,
    "recall": 0.875,
    "f1-score": 0.8536585365853658,
    "support": 40,
    "confused_with": {
      "mood_response": 3,
      "affirm": 2
    }
  },
  "affirm": {
    "precision": 0.9459459459459459,
    "recall": 0.8536585365853658,
    "f1-score": 0.8974358974358975,
    "support": 41,
    "confused_with": {
      "deny": 4,
      "mood_response": 2
    }
  },
  "mood_response": {
    "precision": 0.8666666666666667,
    "recall": 0.9069767441860465,
    "f1-score": 0.8863636363636364,
    "support": 43,
    "confused_with": {
      "greet": 2,
      "deny": 2
    }
  },
  "request_dass": {
    "precision": 0.9777777777777777,
    "recall": 0.9565217391304348,
    "f1-score": 0.967032967032967,
    "support": 46,
    "confused_with": {
      "mood_response": 1,
      "ask_general_question": 1
    }
  },
  "greet": {
    "precision": 0.9545454545454546,
    "recall": 0.9767441860465116,
    "f1-score": 0.9655172413793104,
    "support": 43,
    "confused_with": {
      "deny": 1
    }
  },
  "dass_response": {
    "precision": 1.0,
    "recall": 1.0,
    "f1-score": 1.0,
    "support": 5,
    "confused_with": {}
  },
  "accuracy": 0.9274809160305344,
  "macro avg": {
    "precision": 0.9365059865059866,
    "recall": 0.9351677047458694,
    "f1-score": 0.9353258580099864,
    "support": 262
  },
  "weighted avg": {
    "precision": 0.9290344126221988,
    "recall": 0.9274809160305344,
    "f1-score": 0.9276931583387391,
    "support": 262
  },
  "micro avg": {
    "precision": 0.9274809160305344,
    "recall": 0.9274809160305344,
    "f1-score": 0.9274809160305344,
    "support": 262
  }
}